<?xml version = "1.0" encoding = "utf-8"?>
<!DOCTYPE hibernate-configuration SYSTEM 
"http://www.hibernate.org/dtd/hibernate-configuration-3.0.dtd">
<hibernate-configuration>
   <session-factory>
   
      <property name = "hibernate.dialect">
         org.hibernate.dialect.MySQL5Dialect
      </property>
      
      <property name = "hibernate.connection.driver_class">
         com.mysql.cj.jdbc.Driver
      </property>
      
      <property name = "hibernate.connection.url">
         jdbc:mysql://localhost:3306/book-schema
      </property>
      
      <property name = "hibernate.connection.username">
         admin
      </property>
      
      <property name = "hibernate.connection.password">
         rooot
      </property>
         
   </session-factory>
</hibernate-configuration>